name,email,role,groups,days online,views,contributions,questions,notes,answers,sum,compare,perweek,points,bump,finalChang Ni,channi@umich.edu,Student,,6,10,4,0,0,0,20,0.148148148,1.818181818,5,0,5Samhita Shiledar,samhita@umich.edu,Student,,3,16,2,0,0,0,21,0.155555556,1.909090909,5,0,5Yilun Zhao,zyilun@umich.edu,Student,,6,9,5,0,0,0,20,0.148148148,1.818181818,5,0,5Sophia Paul,sophiakp@umich.edu,Student,,9,14,7,0,0,0,30,0.222222222,2.727272727,6,0,6Yihan Wang,wayihan@umich.edu,Student,,3,9,1,1,0,0,14,0.103703704,1.272727273,5,1,6Hannah Schaefer,hschaef@umich.edu,Student,,11,22,6,0,0,0,39,0.288888889,3.545454545,7,0,7Krithika Sampath,kriths@umich.edu,Student,,8,28,4,0,0,0,40,0.296296296,3.636363636,7,0,7Molly Watters,mollwatt@umich.edu,Student,,11,14,11,2,0,0,38,0.281481481,3.454545455,7,0,7Helen,hgut@umich.edu,Student,,15,30,9,0,0,0,54,0.4,4.909090909,8,0,8Margaret Lindman,mlindman@umich.edu,Student,,15,21,15,1,1,0,53,0.392592593,4.818181818,8,0,8Audrey Pangallo,panaudre@umich.edu,Student,,12,13,8,0,1,0,34,0.251851852,3.090909091,7,1,8Prakruthi Shetty,pshetty@umich.edu,Student,,14,25,9,0,0,0,48,0.355555556,4.363636364,8,0,8Alice Elliott,aliceell@umich.edu,Student,,10,33,4,1,0,1,49,0.362962963,4.454545455,8,1,9Alexander Truelove,atlove@umich.edu,Student,,14,37,13,0,0,0,64,0.474074074,5.818181818,9,0,9Katherine Grantham,granthk@umich.edu,Student,,10,30,6,0,0,0,46,0.340740741,4.181818182,8,1,9Kris Harmon,harmonkp@umich.edu,Student,,14,48,14,0,0,0,76,0.562962963,6.909090909,9,0,9Heather Johnson,hartwinj@umich.edu,Student,,18,37,11,0,0,0,66,0.488888889,6,9,0,9Ho Hsieh,hohsieh@umich.edu,Student,,20,38,13,0,0,0,71,0.525925926,6.454545455,9,0,9Jordon Tourville,jtourvil@umich.edu,Student,,16,29,13,0,1,0,59,0.437037037,5.363636364,9,0,9Julia Entwistle,juliaent@umich.edu,Student,,17,29,12,0,0,0,58,0.42962963,5.272727273,9,0,9Hsiao-Chin Liu,liuhc@umich.edu,Student,,18,39,15,3,0,0,75,0.555555556,6.818181818,9,0,9Melissa Selva,mmselva@umich.edu,Student,,15,44,13,1,0,0,73,0.540740741,6.636363636,9,0,9Walker Stinnette,wwstinn@umich.edu,Student,,14,36,10,0,0,0,60,0.444444444,5.454545455,9,0,9Yuchao Zhao,yuchzhao@umich.edu,Student,,19,41,11,1,0,0,72,0.533333333,6.545454545,9,0,9Anne Gidley,adirkes@umich.edu,Student,,21,29,15,1,1,1,68,0.503703704,6.181818182,9,1,10Andrew Kinzer,akinzer@umich.edu,Student,,24,52,23,0,0,2,101,0.748148148,9.181818182,10,1,10Alex K,alexkinz@umich.edu,Student,,21,48,14,2,0,2,87,0.644444444,7.909090909,10,0,10CHUN YIN ANSON,ansonccy@umich.edu,Student,,24,46,13,1,0,0,84,0.622222222,7.636363636,10,0,10Christopher Askew-Merwin,askchris@umich.edu,Student,,16,39,7,0,0,0,62,0.459259259,5.636363636,9,1,10Alexander Bennett,awbenn@umich.edu,Student,,15,45,11,0,0,0,71,0.525925926,6.454545455,9,1,10Brooke McWherter,blmenv@umich.edu,Student,,12,36,9,0,1,0,58,0.42962963,5.272727273,9,1,10Charlotte Weinstein,cbweinst@umich.edu,Student,,20,53,13,0,0,0,86,0.637037037,7.818181818,10,1,10Cria Kay,criakay@umich.edu,Student,,31,54,25,4,0,1,115,0.851851852,10.45454545,10,0,10Carl Spevacek,cspev@umich.edu,Student,,15,50,11,0,0,1,77,0.57037037,7,10,1,10Daniel Tanner,danjtan@umich.edu,Student,,28,50,20,0,0,7,105,0.777777778,9.545454545,10,1,10Erin Barton,embarto@umich.edu,Student,,20,46,15,1,0,0,82,0.607407407,7.454545455,10,1,10Ember McCoy,embermcc@umich.edu,Student,,23,47,17,0,1,3,91,0.674074074,8.272727273,10,0,10Kaitlyn Pritchard,kpritc@umich.edu,Student,,21,50,13,2,0,0,86,0.637037037,7.818181818,10,0,10Lauren Edson,ledson@umich.edu,Student,,26,51,17,2,0,2,98,0.725925926,8.909090909,10,0,10Sachiko Graber,sgraber@umich.edu,Student,,47,54,26,2,0,6,135,1,10,10,1,10Brittany Szczepanik,szczeb@umich.edu,Student,,24,49,10,0,0,1,84,0.622222222,7.636363636,10,0,10Katie Williamson,willka@umich.edu,Student,,22,52,28,1,1,9,113,0.837037037,10.27272727,10,1,10Yuanqiu Feng,yuanqiu@umich.edu,Student,,20,49,9,1,0,2,81,0.6,7.363636364,10,0,10